chardonnay,824
marvin,104
wine,83
gaye,76
just,75
glass,63
like,52
bottle,47
lol,43
little,35
rose,34
get,32
dont,32
now,25
love,24
know,24
can,24
ass,24
will,23
good,23
drink,23
time,22
night,22
girl,22
well,21
unoaked,21
think,21
thats,21
still,21
chocolate,21
cabernet,21
see,20
milkshake,20
really,19
polite,19
jinkxmonsoon,19
jinkx,19
inspired,19
fists,19
double,19
big,19
httptcodudylkw,18
got,18
dinner,18
better,18
shiraz,17
nice,17
mood,17
full,17
fine,17
charles,17
white,16
set,16
pwcwines,16
naked,16
drinking,16
day,16
winning,15
need,15
fancy,15
chicken,15
yall,14
wonderwines,14
wanna,14
wait,14
remember,14
porch,14
pinot,14
one,14
moms,14
meeting,14
grace,14
fell,14
donjon,14
competition,14
bushes,14
board,14
beauty,14
always,14
way,13
right,13
pretty,13
new,13
make,13
live,13
januaryjames,13
https,13
best,13
thanks,12
tasting,12
sippchardonnay,12
shit,12
old,12
oaked,12
name,12
happy,12
chipotletwins,12
yes,11
want,11
try,11
say,11
people,11
great,11
going,11
called,11
call,11
winewednesday,10
video,10
tonight,10
today,10
tell,10
noir,10
lot,10
fourvines,10
first,10
cant,10
brought,10
wines,9
valley,9
tho,9
take,9
song,9
sean,9
sauce,9
mzchardonnay,9
miss,9
last,9
jason,9
game,9
even,9
cute,9
check,9
cake,9
vineyards,8
thank,8
school,8
sauvignon,8
red,8
rainbow,8
please,8
mushroom,8
moscato,8
mom,8
lmfaoo,8
lingerie,8
liked,8
let,8
ive,8
home,8
hey,8
gay,8
fuck,8
estate,8
cream,8
classy,8
box,8
bought,8
back,8
away,8
around,8
veraison,7
thegamebet,7
text,7
smh,7
sipping,7
sippin,7
room,7
qveenm,7
nah,7
much,7
mind,7
mantsoepout,7
man,7
listen,7
lil,7
life,7
lady,7
jamesthewineguy,7
irishtexan,7
ima,7
ill,7
hoes,7
green,7
goony,7
food,7
dairy,7
cool,7
cheers,7
boys,7
blue,7
black,7
beautiful,7
aint,7
youre,6
walla,6
visit,6
vineyard,6
ultimatebgc,6
thought,6
stay,6
started,6
someone,6
simple,6
seriously,6
question,6
playing,6
paying,6
okay,6
notes,6
never,6
month,6
lovely,6
late,6
ladieswhoshoot,6
keep,6
huntervalley,6
house,6
give,6
fruit,6
drunk,6
drank,6
debortoliwines,6
date,6
confessyourunpopularopinion,6
chard,6
buttery,6
boity,6
blanc,6
bit,6
bcwine,6
asking,6
work,5
tasha,5
summer,5
stop,5
special,5
shout,5
scene,5
santa,5
salad,5
said,5
sadlife,5
put,5
poor,5
point,5
pinotnoir,5
perfect,5
paired,5
next,5
movies,5
michael,5
may,5
launches,5
known,5
kinda,5
join,5
httptcoawdmglpmg,5
httptc,5
http,5
hold,5
hes,5
gonna,5
glasses,5
glad,5
genay,5
funny,5
friend,5
every,5
enjoy,5
doesnt,5
didnt,5
dick,5
delicious,5
cyclone,5
ctfu,5
crisp,5
come,5
citrus,5
cause,5
bad,5
baby,5
anytime,5
answer,5
also,5
wit,4
winerywednesday,4
winecountryont,4
whispering,4
weeks,4
weekend,4
wednesday,4
wearin,4
watching,4
walk,4
vegasgiant,4
type,4
two,4
tropical,4
tissues,4
times,4
though,4
theleanover,4
thedailymeal,4
thatogrecce,4
tardweek,4
talking,4
sunnyharwoodpec,4
stopped,4
start,4
stainless,4
spring,4
solarpowered,4
small,4
sitting,4
single,4
seen,4
sea,4
scored,4
scarpettalv,4
salt,4
river,4
recently,4
reading,4
rdscboss,4
rare,4
ramblingsofagbf,4
purplewineco,4
puffin,4
price,4
prefer,4
points,4
place,4
piss,4
pgris,4
patio,4
past,4
oaky,4
oak,4
niggas,4
netflix,4
must,4
milf,4
mesa,4
memo,4
meet,4
mean,4
makes,4
mad,4
lvfnb,4
looking,4
looked,4
listed,4
lets,4
less,4
label,4
kind,4
keira,4
jamaican,4
itsstillwinter,4
hunt,4
httptcoljlcwmjby,4
httptcoiapdluert,4
hot,4
hit,4
help,4
hard,4
hands,4
haha,4
getting,4
fuckthehype,4
follow,4
fly,4
ferrari,4
favorite,4
fantastic,4
face,4
fab,4
exclusive,4
excellent,4
everywhere,4
ever,4
eat,4
doc,4
devinesays,4
daydream,4
dat,4
dan,4
culminawinery,4
cuffed,4
counter,4
cosmopolitanlv,4
conantnyc,4
complicated,4
closson,4
clarks,4
chilled,4
chase,4
central,4
california,4
boy,4
bougie,4
beveragetrade,4
beer,4
basic,4
barbara,4
awaiting,4
aussiewine,4
august,4
asks,4
ask,4
arrival,4
area,4
actually,4
aaliyahmaxwell,4
zeca,3
yum,3
yellow,3
years,3
yea,3
world,3
word,3
wont,3
wonder,3
winter,3
winetourism,3
winetasting,3
winecompanion,3
wife,3
whitneyellen,3
whitewine,3
wheres,3
week,3
waterford,3
wassup,3
washed,3
vonprond,3
vitibithello,3
virgin,3
vintners,3
view,3
value,3
ugly,3
twerk,3
tweet,3
trying,3
tipsy,3
tinhorncreek,3
thinking,3
thewineoak,3
theres,3
tastes,3
talked,3
swear,3
sure,3
support,3
sunset,3
style,3
stonyjim,3
sterling,3
splendid,3
southafrica,3
sounds,3
sometimes,3
something,3
soap,3
sit,3
sister,3
sip,3
sexy,3
seans,3
save,3
sale,3
russian,3
run,3
rickwine,3
reviewed,3
reserve,3
release,3
real,3
queenmehganbgc,3
proof,3
play,3
pizza,3
pictures,3
pics,3
phone,3
pearse,3
peach,3
omg,3
number,3
nothing,3
nobody,3
nigga,3
mixed,3
maybe,3
mans,3
look,3
listening,3
lake,3
kno,3
knew,3
juice,3
jordanwinery,3
jenkins,3
isnt,3
iont,3
instagram,3
imahandyguy,3
identity,3
httptcoyzfsclmd,3
httptcoytejmfgsc,3
httptcoucsyvgev,3
httptcopumvggewk,3
hope,3
hirschvineyards,3
heard,3
hate,3
harvest,3
hardy,3
happened,3
hamilton,3
half,3
grapes,3
giving,3
getglue,3
fucking,3
friends,3
fresh,3
freedicksale,3
finish,3
find,3
feeling,3
feel,3
favourite,3
fan,3
family,3
enjoying,3
enjoyed,3
empty,3
else,3
eilisohanlon,3
eilis,3
eileen,3
eating,3
dumb,3
damn,3
customers,3
cup,3
ctkoonce,3
crown,3
crisis,3
county,3
country,3
conversation,3
confessyourunpopluaropinion,3
coming,3
collection,3
chill,3
cheese,3
chardonnaygt,3
champagne,3
candle,3
cab,3
bubbleshake,3
bring,3
bottles,3
blog,3
bigsean,3
beii,3
bed,3
beat,3
beach,3
available,3
aug,3
asleep,3
ashit,3
another,3
afternoon,3
acidity,3
absolutely,3
yup,2
young,2
year,2
xiumins,2
wwac,2
wrong,2
wouldnt,2
wonderful,2
without,2
winesday,2
wineglass,2
wien,2
whos,2
whites,2
whilst,2
whats,2
whatever,2
went,2
wellmade,2
weighing,2
weed,2
website,2
wearing,2
wear,2
wbc,2
wash,2
wants,2
wall,2
waitrosewine,2
waitress,2
waiting,2
vqa,2
voodoovixen,2
vodka,2
vivino,2
vintage,2
via,2
versatile,2
vcveats,2
vacation,2
usually,2
use,2
upstairs,2
unpopularopinion,2
unfiltered,2
twitter,2
turned,2
tryna,2
tru,2
trois,2
trento,2
trend,2
trader,2
totally,2
top,2
tomorrow,2
tommyup,2
tomato,2
tilla,2
throw,2
things,2
thereturnofchampalepapi,2
thenpa,2
thefeeneycall,2
temptation,2
teddyrockstar,2
teacher,2
tea,2
taylorwoods,2
tasmanian,2
tasmania,2
talleyvineyards,2
talk,2
taking,2
tail,2
sushi,2
super,2
sun,2
styles,2
strong,2
stellenbos,2
steliotes,2
stat,2
stars,2
srp,2
sprite,2
spot,2
spent,2
sound,2
snitched,2
slut,2
skewers,2
site,2
sips,2
sing,2
side,2
shxt,2
shrimp,2
shows,2
shower,2
show,2
shouldnt,2
shot,2
shop,2
ship,2
shesdaworst,2
shes,2
sex,2
serafinovino,2
septimo,2
sent,2
sensation,2
send,2
seghesio,2
seems,2
scum,2
scarboroughwine,2
says,2
saw,2
sarahmchappell,2
samplesnotbad,2
salsa,2
salinia,2
sake,2
russianriver,2
rubbing,2
royal,2
rossybergg,2
roscoedash,2
roscoe,2
roll,2
robert,2
roasted,2
rich,2
review,2
reserved,2
reservas,2
reserva,2
remembered,2
rating,2
rated,2
randynow,2
rampb,2
radioxtra,2
rachvizzle,2
quiet,2
quality,2
puppy,2
puffing,2
property,2
problems,2
prince,2
priceless,2
prettyjoyful,2
predict,2
powerball,2
pouring,2
posted,2
possible,2
popular,2
popping,2
popcorn,2
pool,2
pittsburgh,2
pitts,2
pink,2
pineapple,2
picture,2
picked,2
photo,2
person,2
perle,2
penthouse,2
pelorus,2
patrickshabangu,2
pasta,2
party,2
park,2
paris,2
pair,2
owwww,2
overtake,2
ovakinbusorlah,2
outta,2
outside,2
ordering,2
open,2
ontarios,2
online,2
older,2
okiegirl,2
oceanclub,2
nuttelia,2
numerous,2
north,2
niagara,2
news,2
napa,2
naming,2
nails,2
musttry,2
muslims,2
music,2
mtvhottest,2
mrking,2
movie,2
mouth,2
morrow,2
money,2
mommy,2
mjlourens,2
mix,2
missrandolph,2
missed,2
mink,2
minerals,2
miles,2
michaelsap,2
mgodello,2
mendoza,2
meat,2
measure,2
mclarens,2
marmalade,2
market,2
marathon,2
majority,2
mainlining,2
maiden,2
made,2
macul,2
lynsweb,2
lunch,2
ltlinkgtgt,2
lovechardonnay,2
long,2
locals,2
liyah,2
lively,2
lit,2
lisasharahall,2
line,2
lindsrocksgreen,2
limited,2
liking,2
libbygeorgexx,2
liars,2
level,2
lemon,2
legit,2
left,2
leedsvssydney,2
leaves,2
launch,2
lattes,2
ladies,2
lacremawines,2
kumn,2
kim,2
kfoxxldjty,2
ken,2
keithpettway,2
kathleenbrock,2
kanyewest,2
justin,2
journeysendwine,2
john,2
joes,2
jenny,2
jdnrm,2
jayhartmannn,2
james,2
jackson,2
italian,2
ironic,2
inches,2
illsince,2
idiotic,2
idec,2
ibstatguy,2
hunterwine,2
huetteldorf,2
httptcoysutzipblr,2
httptcoynmfbzlhk,2
httptcoyhkwwav,2
httptcoxsfhrjyt,2
httptcowzxbpex,2
httptcowzussium,2
httptcovperbmgtjn,2
httptcovayfio,2
httptcorznbpteiu,2
httptcorqryakfps,2
httptcorivc,2
httptcoodwgmcir,2
httptcomwpihibkl,2
httptcojoydjh,2
httptcoiusuzbyv,2
httptcobagrioem,2
hows,2
hour,2
honored,2
homemade,2
hola,2
hol,2
hoe,2
high,2
heres,2
hennessy,2
hello,2
hehehe,2
hates,2
hang,2
handsome,2
hand,2
hailthereturn,2
guess,2
grill,2
grandma,2
gooood,2
gone,2
god,2
girls,2
gimme,2
generation,2
fun,2
fromnca,2
friendship,2
freechiill,2
free,2
franschhoek,2
fox,2
forward,2
forever,2
followed,2
foh,2
flashvino,2
fizzingatthebung,2
feelin,2
featuring,2
fat,2
fall,2
facebook,2
exciting,2
everything,2
everbrandy,2
enters,2
entering,2
enough,2
enjoyable,2
ends,2
emoji,2
emeliadelgardo,2
elliedodds,2
either,2
edward,2
due,2
dude,2
dry,2
drinker,2
done,2
disgusting,2
discussion,2
dilemma,2
different,2
depends,2
del,2
definitely,2
deep,2
decisions,2
dead,2
days,2
daughter,2
dash,2
dance,2
dailywinenote,2
daaaang,2
cuddle,2
ctfuuuuu,2
crush,2
creek,2
coverage,2
cousino,2
coppola,2
coolchardonnay,2
contractckilla,2
comment,2
combating,2
code,2
cocksucking,2
coast,2
cme,2
close,2
climate,2
cliffordbrown,2
chose,2
chillwinston,2
chilling,2
chile,2
child,2
chemistry,2
chat,2
charts,2
charliermarine,2
champdenwhite,2
chamisalvyd,2
chablis,2
ceviche,2
cellar,2
celebration,2
caviar,2
catena,2
carname,2
caprese,2
capewinereview,2
came,2
calvinparker,2
cali,2
cabsav,2
buyin,2
buy,2
butt,2
butbuthe,2
burning,2
building,2
brown,2
brother,2
brooks,2
bringing,2
brew,2
bout,2
boring,2
bordeauxstyle,2
bordeaux,2
bonarda,2
boils,2
body,2
blend,2
bitches,2
bitch,2
birthday,2
bieber,2
beverages,2
bernardkeane,2
believe,2
behind,2
bbc,2
bath,2
batch,2
barrel,2
bar,2
bacon,2
babe,2
automatically,2
auntie,2
assnotitties,2
ashboo,2
artist,2
ardd,2
ard,2
apple,2
app,2
anything,2
anybody,2
antigas,2
anniversary,2
aniyah,2
anal,2
alta,2
already,2
aloud,2
alot,2
alluringmisfit,2
aliz,2
alcoholic,2
alcohol,2
aka,2
air,2
ahemour,2
age,2
added,2
accidentally,2
zucchini,1
zesty,1
zanax,1
zaca,1
yupnailedit,1
yummy,1
yummm,1
youve,1
youtube,1
younger,1
youngcashflow,1
youll,1
yoooo,1
yolo,1
yoga,1
yodwa,1
yet,1
yesterday,1
yering,1
yep,1
yelp,1
yeah,1
yeaahkristy,1
yeaaaa,1
yarrav,1
xiuminnesota,1
xbittersweet,1
wwgd,1
wtso,1
wtf,1
wrongwayround,1
write,1
wrfaradio,1
worth,1
worst,1
worshippin,1
worse,1
worked,1
wordsjamaicanscantpronounce,1
woodlands,1
wood,1
won,1
womens,1
women,1
woke,1
wives,1
witlof,1
winners,1
wineweirdos,1
winewednesdayove,1
winetmi,1
winespectator,1
wineselectors,1
winery,1
wineries,1
wineoclock,1
winelover,1
winefact,1
winee,1
winechateau,1
winealignreview,1
wind,1
willflatt,1
wholefoodsnorca,1
wholefoods,1
whole,1
whiskey,1
whipped,1
whine,1
wher,1
wheat,1
whathappenedto,1
whatchu,1
weve,1
wetrainhard,1
west,1
weritomm,1
wendys,1
wen,1
welcome,1
weirdo,1
weighted,1
wedge,1
wedding,1
web,1
weave,1
weather,1
waynejeanne,1
waynegretzky,1
wayne,1
wayim,1
watchin,1
watched,1
watch,1
wasup,1
waste,1
wasnt,1
washington,1
washa,1
wantone,1
walnuts,1
walmart,1
walking,1
walkin,1
wales,1
wages,1
vvlovee,1
vrwine,1
vodkatea,1
visitor,1
visiting,1
visited,1
virginiamade,1
viognier,1
vinwinsales,1
vino,1
vines,1
vineland,1
vinegar,1
vin,1
viktor,1
vidal,1
victoryand,1
vicky,1
vibin,1
versus,1
veramonte,1
ventosa,1
vendometl,1
vawinetime,1
vavasour,1
variety,1
vanilla,1
vandross,1
vancouver,1
valued,1
vacay,1
used,1
usd,1
usa,1
urbezo,1
uptown,1
uppers,1
uoeno,1
unwooded,1
unthinkable,1
unlabelled,1
understands,1
understand,1
uncork,1
uncomplicated,1
uncheck,1
ummy,1
ummmmm,1
uhm,1
uhhhhleaseuhhh,1
uhh,1
typgirlprobzz,1
tylerhickok,1
tyler,1
twitterlings,1
tweeting,1
turkey,1
tunbridgewells,1
tulpehocken,1
trunk,1
trueew,1
trip,1
triomphe,1
triffic,1
tried,1
tribute,1
trevalla,1
treats,1
treating,1
treat,1
travel,1
training,1
trae,1
traders,1
tpowlas,1
tour,1
tote,1
tossed,1
toppedoff,1
toothpaste,1
tonite,1
tonights,1
tom,1
tololo,1
toll,1
told,1
together,1
todays,1
toasty,1
toasted,1
toast,1
tnak,1
tipit,1
tinabgc,1
tilapia,1
ties,1
thursday,1
thug,1
thru,1
throwback,1
three,1
thompsons,1
thompson,1
thoim,1
thing,1
theyre,1
thevintry,1
thesoup,1
thereturnofcha,1
therapist,1
thenicolagray,1
thelife,1
thegamewriters,1
thegame,1
thebear,1
thang,1
terrible,1
tend,1
tear,1
teacherr,1
tbh,1
tasty,1
tastings,1
tasted,1
tastecomfort,1
taste,1
tascawine,1
tart,1
taptaptapping,1
tap,1
tannerpatsko,1
tango,1
tangarine,1
tan,1
tamsin,1
tamgui,1
tallglassofadam,1
tall,1
talkingits,1
taken,1
tacos,1
system,1
symphony,1
switch,1
swirlsipsnark,1
swing,1
swimming,1
sutter,1
surfin,1
supper,1
superbly,1
sunshinemug,1
sunshine,1
sunroom,1
summertime,1
summergot,1
suggestions,1
sugar,1
sueme,1
sucks,1
suck,1
stuffbut,1
stuff,1
stronger,1
strictly,1
stretch,1
street,1
streaming,1
strawberita,1
store,1
stood,1
stonestreet,1
stone,1
stollerwine,1
stm,1
stineyyyy,1
stglass,1
stfu,1
stew,1
stephenbalme,1
stephanemukunzi,1
step,1
stemware,1
stemmler,1
stellenbosch,1
steel,1
station,1
starting,1
starsll,1
starmont,1
starbucks,1
star,1
stannescrossing,1
standgrand,1
standard,1
stamp,1
stalking,1
stags,1
stage,1
sta,1
squirt,1
squeakyparras,1
sponge,1
spit,1
speaking,1
spanish,1
southern,1
sourced,1
sour,1
soul,1
sorted,1
sort,1
sorrynotsorry,1
sorry,1
sorrows,1
sophistication,1
sommeliermatt,1
somewhere,1
somebody,1
solfest,1
solar,1
socialists,1
soaking,1
soak,1
snow,1
snitch,1
snahh,1
snackboxes,1
snack,1
smug,1
smomkara,1
smokies,1
smoke,1
smillexx,1
smarter,1
slow,1
slot,1
sliced,1
sleeps,1
sleeping,1
sleep,1
skype,1
skinhead,1
sizebriup,1
six,1
sittin,1
sipsand,1
sipper,1
sink,1
singlelyfe,1
singlelivin,1
singing,1
sinfulcupcakes,1
silent,1
silence,1
signup,1
signals,1
sick,1
showdown,1
shorty,1
short,1
shopper,1
shon,1
shocking,1
shittt,1
shirazviognier,1
shiiii,1
shedding,1
shawtybee,1
shart,1
sharks,1
sharing,1
shades,1
sexiest,1
several,1
settling,1
served,1
serve,1
serious,1
seraphim,1
sense,1
self,1
segundo,1
seem,1
season,1
seagreenwench,1
scrolling,1
screams,1
scientific,1
schemes,1
scared,1
sbc,1
saying,1
savaged,1
sauv,1
sausage,1
satisfying,1
sat,1
sashacottman,1
sarahspellman,1
sap,1
sandwich,1
sandiego,1
sandhi,1
sand,1
san,1
sam,1
salute,1
salty,1
salmon,1
salary,1
sainsburys,1
saf,1
sade,1
sad,1
rudequotations,1
rude,1
rtfrommwinery,1
roystbaggage,1
roussanne,1
round,1
rougednb,1
rosescrab,1
ros,1
ropey,1
rope,1
root,1
roomys,1
roomie,1
ronzoni,1
rome,1
rolltide,1
roller,1
rolled,1
rohnert,1
rock,1
rochfordwines,1
rochford,1
rocca,1
robe,1
roaming,1
road,1
riverbench,1
rite,1
ritas,1
ritapanahi,1
rita,1
risotto,1
ripe,1
rieslingi,1
riedeluk,1
riches,1
return,1
retrospective,1
retard,1
retar,1
restlessor,1
rest,1
respect,1
request,1
rename,1
reminiscing,1
reminiscent,1
reminder,1
rememberthes,1
remain,1
releases,1
released,1
relaxing,1
relax,1
relationships,1
relationship,1
reisling,1
reign,1
regular,1
region,1
regardless,1
refreshment,1
reelsistas,1
reduction,1
reds,1
receive,1
reason,1
reallyy,1
realistic,1
readingbrain,1
reacting,1
ravensworth,1
rather,1
rarias,1
rap,1
rank,1
ranging,1
random,1
rampbdivasla,1
rammstein,1
ralleys,1
rain,1
radio,1
racking,1
racing,1
quite,1
quinoa,1
quick,1
questions,1
queen,1
quan,1
qtpie,1
pyramid,1
pwcwine,1
puts,1
puspos,1
purpose,1
pump,1
pulse,1
psycho,1
proud,1
props,1
program,1
probe,1
probably,1
pro,1
prettyboy,1
prepare,1
preferences,1
predominant,1
prawn,1
praise,1
ppl,1
potchconfessions,1
pot,1
postwork,1
post,1
portal,1
porn,1
pork,1
popsand,1
poppin,1
pope,1
pop,1
poorrobert,1
poolside,1
polperronews,1
podcastthis,1
pocket,1
pma,1
plz,1
pluscellars,1
pls,1
pll,1
pleasure,1
pleased,1
playlist,1
playin,1
playdate,1
plato,1
plate,1
planted,1
plantation,1
plaaay,1
pissed,1
pinotgrigio,1
pinotcentral,1
pino,1
pinky,1
pillow,1
pilliodrecords,1
picks,1
pick,1
piccadilly,1
picatta,1
pic,1
phillysking,1
pfume,1
pfuisse,1
petty,1
petpeeve,1
petite,1
perthwineen,1
persons,1
perfectly,1
perfection,1
peppercorn,1
peoples,1
penne,1
pemberton,1
pellervqa,1
peel,1
pear,1
peak,1
paulydvereux,1
patron,1
passes,1
pass,1
partake,1
part,1
parsley,1
pardon,1
paranoid,1
pants,1
panties,1
pandora,1
pampq,1
palms,1
palatinehillsestates,1
palatinehills,1
pajamas,1
pairing,1
paintedrockjohn,1
pain,1
page,1
pacsexy,1
packet,1
packaustin,1
pacific,1
oysters,1
ovoo,1
overdone,1
outrage,1
outpace,1
oustanding,1
ouch,1
organic,1
orangejuice,1
optimistic,1
opted,1
opinion,1
opera,1
oovoo,1
oops,1
oomf,1
onwine,1
onlyinhammersmith,1
onions,1
onikanomaraj,1
ones,1
oneit,1
omwwww,1
ohdearoomf,1
oflike,1
officialauntiep,1
offered,1
offer,1
odd,1
ocmarathon,1
oclock,1
ocean,1
obviously,1
nwordbrenden,1
numnumnum,1
numbers,1
nowonradioxtra,1
novel,1
nothin,1
northam,1
normally,1
nooo,1
nikkaaayym,1
nighty,1
nigg,1
nickwinejournal,1
nick,1
ngl,1
nfoley,1
newsday,1
newbeginnings,1
netwrk,1
nepal,1
neophyte,1
needed,1
nebrewingco,1
near,1
ndeseine,1
nca,1
nawl,1
naw,1
naughty,1
nataliemaclean,1
napaharvest,1
nanist,1
names,1
named,1
nadaaselim,1
naaw,1
naaaaw,1
mystivine,1
museum,1
municipal,1
mummy,1
mudhoneychardonnay,1
mtshwete,1
msbrwnskinqt,1
mrs,1
mrmkn,1
mrlangevin,1
movi,1
mountain,1
mother,1
morning,1
morgan,1
monica,1
monday,1
momentum,1
moment,1
moltfan,1
moesha,1
mnage,1
mmmm,1
mltdwn,1
mitae,1
mist,1
mirandalambert,1
minerality,1
mine,1
mimosas,1
mile,1
might,1
michelschlumberger,1
michaellat,1
mia,1
mfoho,1
metallico,1
met,1
messing,1
mermaid,1
merika,1
mera,1
meow,1
menu,1
mental,1
menta,1
men,1
member,1
meltltltltlt,1
melange,1
meds,1
medium,1
meditation,1
means,1
meaningless,1
mdwine,1
mcdonalds,1
mcdeezys,1
mcc,1
maximus,1
mavin,1
maule,1
maturity,1
mature,1
matthewbmowery,1
mate,1
matching,1
massage,1
masked,1
mascra,1
maryabernathy,1
martha,1
marsanne,1
married,1
marquesdecasaconcha,1
margaret,1
maresh,1
many,1
mantsoepoutÉùããããããÉùãããããã,1
mantsoe,1
mangoes,1
mango,1
mamba,1
mama,1
mall,1
making,1
makin,1
major,1
majesticwine,1
majesticgul,1
mainstream,1
magical,1
maggie,1
mack,1
maam,1
lynnjohnston,1
lycheemartini,1
luther,1
lunabasquiat,1
luis,1
luigi,1
lucymangan,1
lucy,1
lucia,1
lroijetson,1
loveedollyy,1
loveandhope,1
lov,1
lounge,1
lordduval,1
loparoyaknowxd,1
looks,1
longer,1
lone,1
london,1
lollll,1
logs,1
lodi,1
loaf,1
lmfaoooooooooooooo,1
lmbo,1
lmaooo,1
lmaoo,1
lmao,1
liyahthuggin,1
liveeeee,1
littlebedwyn,1
literally,1
list,1
lip,1
linguine,1
lin,1
limit,1
lilrell,1
lillakers,1
lildavid,1
likeasir,1
lightskin,1
lightly,1
light,1
lifesgood,1
lie,1
library,1
lexy,1
levi,1
letsfuckingdothis,1
letsbglutenfreeuandme,1
leopardleapwine,1
lemonroasted,1
lemee,1
leinyynicole,1
legend,1
legacyliquor,1
leftover,1
leedstourismboard,1
leedstour,1
leaving,1
least,1
leap,1
lean,1
leak,1
laywheeler,1
laying,1
lay,1
lawdy,1
lawd,1
laurens,1
lateness,1
lastnamesavage,1
laptop,1
lapostollewine,1
lambs,1
laineypopz,1
lacollinanz,1
kzn,1
kuwtk,1
kritikpdx,1
kraftdinner,1
kooyong,1
koolaid,1
knw,1
kml,1
klassy,1
kjwines,1
kiwi,1
kissed,1
kiss,1
kimmypostler,1
killakal,1
kids,1
kidding,1
key,1
kerrywhitcomb,1
kendall,1
kelseyleekeller,1
kellygweaver,1
keeping,1
kdon,1
kcarterr,1
kayleigh,1
katiedaryl,1
karlalovepink,1
karl,1
karintillotson,1
kardashians,1
kanye,1
kaitlyndp,1
kaiaplaca,1
justinmccurry,1
justchillcuh,1
jump,1
juliegibbings,1
juicy,1
joshuaornelas,1
jordan,1
jolliffe,1
joining,1
joelmchale,1
joel,1
joe,1
jodiestead,1
joburg,1
jmoneymp,1
jimbeam,1
jerusalem,1
jerrys,1
jeopardy,1
jennybyrnes,1
jennyablue,1
jellybean,1
jean,1
jealous,1
jdubbbbbbs,1
jczolanski,1
jccarrasco,1
jawn,1
jasonpittsthe,1
jasoncichonski,1
jasminehirsch,1
jams,1
jamon,1
jam,1
jail,1
jacytopps,1
jacerockets,1
jace,1
jabari,1
iwontdateyoubecause,1
itt,1
itll,1
ipreach,1
ipa,1
internationally,1
intermezzo,1
interest,1
intense,1
instead,1
insisted,1
insidesonoma,1
innit,1
innie,1
injection,1
infused,1
ine,1
indication,1
india,1
indeed,1
incyblack,1
inbox,1
imsingle,1
impression,1
important,1
implants,1
impersonating,1
imhappy,1
ilovelife,1
illestkidlover,1
iconwines,1
icebucket,1
ice,1
ian,1
iamzondi,1
iamtiana,1
hypocrites,1
hype,1
hwifeintraining,1
hurt,1
humidity,1
hugging,1
httptcozxihhwj,1
httptcozqcrugr,1
httptcozntfonifvp,1
httptcoyxhumn,1
httptcoyxcmeojk,1
httptcoywbouinwom,1
httptcoyvwxevssn,1
httptcoysdnxkcul,1
httptcoyrkazjd,1
httptcoyqwrlyfq,1
httptcoylbaluysu,1
httptcoyknqjzho,1
httptcoyjsysbuby,1
httptcoyjmhthudyk,1
httptcoyjilo,1
httptcoyitqejgj,1
httptcoyfdfsemy,1
httptcoyenlnfpfih,1
httptcoybxelaeyy,1
httptcoxxcfelybo,1
httptcoxvvkzlg,1
httptcoxmalfqngi,1
httptcoxlmzkfbfd,1
httptcoxijzxtwgb,1
httptcoxidqtmw,1
httptcoxefzziwmqj,1
httptcoxbzvkgtie,1
httptcoxbjnwdra,1
httptcowyihmpbxl,1
httptcowxmfaid,1
httptcowuuqorkjy,1
httptcowsgqyizs,1
httptcownymjyxc,1
httptcowlmtbqnsz,1
httptcowixxsexg,1
httptcowiswfetn,1
httptcowebnnxi,1
httptcowamaeqj,1
httptcowam,1
httptcowahlkqcxq,1
httptcowadabwyr,1
httptcovxxgxvoc,1
httptcovvlkfpmxw,1
httptcovtobsbuvl,1
httptcovrohzyo,1
httptcovnowgeypm,1
httptcovlbjygfbs,1
httptcovjcbkjyra,1
httptcovhsbkljrfd,1
httptcovbnganfwv,1
httptcovayfiovxn,1
httptcouzluut,1
httptcouxzdgy,1
httptcouxhtbhvulw,1
httptcouvrkvneaxf,1
httptcoutfdmkbjx,1
httptcoukhxvqgrwe,1
httptcouerplgvxzd,1
httptcoueeuhyint,1
httptcoubjduoaovm,1
httptcouajov,1
httptcotxutkmfud,1
httptcottllgiwa,1
httptcotqtexawwd,1
httptcotqjckgxy,1
httptcotlohfgt,1
httptcotfrkcoxf,1
httptcosymaceedg,1
httptcosxbxrk,1
httptcosupbdogim,1
httptcostjrghxus,1
httptcosthcngta,1
httptcosqtjiprgi,1
httptcospxearbz,1
httptcosjyxxi,1
httptcosizizrekm,1
httptcosgiypuagd,1
httptcoryisncn,1
httptcorwufxnns,1
httptcorvkbtscl,1
httptcortzuwmdkf,1
httptcorqokrxxoc,1
httptcormvwgpu,1
httptcorlkznbfx,1
httptcorkvhiptz,1
httptcorhzajcr,1
httptcorhvolzflb,1
httptcoqyb,1
httptcoquackmwe,1
httptcoqtkzwdah,1
httptcoqiislme,1
httptcoqieojvr,1
httptcoqdugealmrw,1
httptcopynybkog,1
httptcopumv,1
httptcoptrlkpo,1
httptcoprrlqiyudr,1
httptcopriqejpz,1
httptcopqghoruugc,1
httptcopnxvaq,1
httptcopmolpssny,1
httptcopkvvngdfxb,1
httptcopitoqvt,1
httptcophwpey,1
httptcopdcnmfuyum,1
httptcoozqwpkqpz,1
httptcooypmrdkyo,1
httptcooynxn,1
httptcooxbmacgbj,1
httptcoouunwtxlu,1
httptcooseeqooty,1
httptcoorjytkirj,1
httptcooqyyjlkyrw,1
httptcooknswgxx,1
httptcooblpgotziu,1
httptcooaxearkxk,1
httptcooalkeibo,1
httptconxiwbx,1
httptconxaoeoimgs,1
httptconwuztqx,1
httptconuzrttvkdz,1
httptconukntfwsp,1
httptcontpwzhff,1
httptconrrcofubh,1
httptconrjvhznc,1
httptconpmozjmnji,1
httptconoiwyyztv,1
httptconnhhpwd,1
httptconlwzuugbh,1
httptconlnkmqfmn,1
httptconjdgrixm,1
httptconhagcbyia,1
httptconepmuil,1
httptcondvfiggb,1
httptconcrlinihe,1
httptcomwnvkyv,1
httptcomuqbkobuya,1
httptcomriqamrfjj,1
httptcomqklatta,1
httptcomlrcxq,1
httptcomkdrwcihx,1
httptcolszmptog,1
httptcollktliyay,1
httptcoljxloeuta,1
httptcolisiqu,1
httptcolhxnezhf,1
httptcolhvvagmjpv,1
httptcolgxoaplner,1
httptcolfppnnyxoi,1
httptcolfbmohym,1
httptcoldxocciy,1
httptcokyoqison,1
httptcokxgbraqfsb,1
httptcokwdaxnbjv,1
httptcokqzpvxy,1
httptcokoppxidl,1
httptcoklgpgciph,1
httptcokiastsoeo,1
httptcokhorkgq,1
httptcokaszd,1
httptcojwvnnbdgrn,1
httptcojwmctargvo,1
httptcojonwwuqbw,1
httptcojigysne,1
httptcojgyenmjv,1
httptcojfqzgyar,1
httptcojdbaetdqj,1
httptcoiygtrzptiy,1
httptcoiwtrqfymh,1
httptcoiwqwsgfzo,1
httptcoivvmiaqfm,1
httptcoitsfbshvrs,1
httptcoinuguu,1
httptcoimymrhxh,1
httptcoiivmeuhcf,1
httptcoieswomwirq,1
httptcoiefvgkfjpt,1
httptcoibvjibbopw,1
httptcohyxvrijzub,1
httptcohwovzpojr,1
httptcohtuqzqzrt,1
httptcohsfbplx,1
httptcohrphtxxr,1
httptcohrmbzhnua,1
httptcohnfaefitl,1
httptcohmxakyapr,1
httptcohlbycrdstt,1
httptcoheuyvgab,1
httptcohdizwaakdi,1
httptcogztkepqf,1
httptcogxniituxq,1
httptcogxhjhujy,1
httptcogvsvathg,1
httptcogqkplwuxev,1
httptcognzopqxbl,1
httptcognaweoc,1
httptcogmamileva,1
httptcogidzladvuo,1
httptcogideumbeug,1
httptcogetdpv,1
httptcogchkjan,1
httptcogapftqlou,1
httptcofzrwemwc,1
httptcofvcxuddfu,1
httptcofsuidpjdz,1
httptcofqamzuz,1
httptcofoeiuphbsq,1
httptcofmzvkgs,1
httptcofbjytpoer,1
httptcofbdqcrox,1
httptcofazlokcs,1
httptcofanqanp,1
httptcofaddzjgos,1
httptcoeybpmchx,1
httptcoevjmvjok,1
httptcoeuscvcsnig,1
httptcoeugxql,1
httptcoeppfcvfd,1
httptcoemchpde,1
httptcoekxxpzov,1
httptcoeftahouiej,1
httptcoeefuvutp,1
httptcodwflgr,1
httptcoduyutvfgo,1
httptcodualwatv,1
httptcodlgfile,1
httptcodjdggytv,1
httptcodizvuhtq,1
httptcodbgajusxe,1
httptcocytwyhxgn,1
httptcocycsufu,1
httptcocxcavbmi,1
httptcocwymmtmnp,1
httptcocudllp,1
httptcocsewpygm,1
httptcocrveozamb,1
httptcocdfoinhsz,1
httptcoccgcnmqkg,1
httptcocbqsblnff,1
httptcobzmckbvx,1
httptcobvwhyvrh,1
httptcobpknpipwm,1
httptcobkvefz,1
httptcobikvafbl,1
httptcobhmbndxj,1
httptcobeztbmxcil,1
httptcoaqvhzaay,1
httptcoanfdxumpdo,1
httptcoaltwwwrix,1
httptcoabbdwfo,1
httpstcohkzhqglxhv,1
htt,1
hrsremain,1
housie,1
hours,1
hottest,1
hostel,1
hospital,1
horseradish,1
hoppy,1
hoooomay,1
hookers,1
honor,1
honey,1
honestly,1
homie,1
holup,1
history,1
hints,1
hills,1
hill,1
highlands,1
hic,1
hennessey,1
hell,1
height,1
heelcorkdork,1
hectares,1
heavenly,1
heaven,1
heart,1
healthy,1
head,1
hea,1
hay,1
hawkwakawaka,1
havent,1
haul,1
hattersley,1
haterz,1
hartenbergwine,1
happyhols,1
happydrinking,1
happen,1
hannahs,1
halliday,1
hall,1
haitianbonita,1
haitainbonita,1
hadtohappen,1
gyal,1
gwynethpaltrow,1
guys,1
guy,1
gun,1
gtfoh,1
grown,1
grouper,1
grotesque,1
grosse,1
groovy,1
grooves,1
grits,1
grilled,1
grigio,1
griffin,1
grape,1
grannies,1
grandparents,1
grainery,1
graduated,1
gracehelbig,1
graced,1
gourmettweets,1
gottt,1
gotta,1
gotodrink,1
gotdamn,1
goop,1
goooood,1
goodyes,1
goodtimesatcd,1
goodtimes,1
goodlife,1
goodbye,1
goodbetterbestfood,1
gonzalez,1
goldfish,1
gold,1
glamouroftravel,1
gjfletcher,1
gives,1
ginger,1
gimmie,1
giggles,1
gettin,1
gets,1
gentlemenhood,1
genius,1
genayl,1
gen,1
gazing,1
gavin,1
gave,1
gatormilk,1
gates,1
garlic,1
gardenclub,1
ganes,1
gals,1
galaxys,1
gaining,1
gage,1
fwm,1
fusion,1
funk,1
funfacts,1
fuckyoula,1
fuckin,1
fuckery,1
fucked,1
fruity,1
frostingso,1
fromm,1
friscokid,1
fries,1
friendchardonnay,1
fridays,1
friday,1
fri,1
freshfruity,1
frequent,1
frei,1
frederick,1
freckles,1
franzia,1
frank,1
francohh,1
francis,1
france,1
fragrant,1
fowles,1
fourseasons,1
four,1
forreal,1
forgot,1
footballers,1
foolproof,1
foodall,1
followers,1
focus,1
flying,1
flour,1
florasprings,1
flops,1
floating,1
flirt,1
flip,1
flight,1
fleur,1
flavour,1
flavorscravethecarrot,1
flavors,1
flavor,1
flash,1
flaccid,1
fizzles,1
fish,1
firstborn,1
firework,1
firestones,1
fireplace,1
fire,1
fionachapman,1
fingerlakes,1
finetaste,1
finest,1
finesseamour,1
finallyfamous,1
fillet,1
fight,1
figgit,1
ferme,1
fella,1
felipe,1
feelinnnn,1
feelings,1
february,1
featuredwines,1
feast,1
favorites,1
fave,1
faultline,1
fatty,1
fastforward,1
fast,1
fart,1
fancier,1
famous,1
familiarity,1
fam,1
fallansimone,1
faithful,1
fairmontpacific,1
factsonfemales,1
fact,1
facking,1
facetime,1
faced,1
faaaaaaarrr,1
eye,1
extremely,1
exs,1
explains,1
expensive,1
exist,1
excited,1
exception,1
example,1
evil,1
evidence,1
everytime,1
evercentriq,1
evening,1
evansandtate,1
europe,1
estates,1
est,1
espresso,1
esona,1
escalade,1
epicurious,1
entre,1
enotriauk,1
endofmyworkweek,1
end,1
encase,1
emilygeorge,1
emilycooke,1
emilyaalcock,1
emerge,1
email,1
elverson,1
els,1
eloheleanor,1
elliereynolds,1
elgingari,1
elgatoblancoooo,1
elephant,1
elegant,1
eldridgeestate,1
eight,1
ego,1
eet,1
edwards,1
edstanley,1
eatdccoast,1
eastern,1
eastdellestates,1
easier,1
ears,1
earphonesand,1
earned,1
earlymountain,1
early,1
eachother,1
dylthathryll,1
dvr,1
dutch,1
dumpster,1
dumby,1
dug,1
duck,1
dryobbo,1
drunkinagarten,1
drowning,1
drop,1
drive,1
drinkwhatulike,1
drinkers,1
dreamt,1
dreams,1
dreamingtree,1
drawnnn,1
drawn,1
downtown,1
downing,1
downers,1
downed,1
doverwhats,1
dover,1
donttripp,1
dontchathink,1
dontbelievethehype,1
donkortez,1
dokcchardonnay,1
doin,1
doggie,1
doe,1
dmb,1
divorced,1
dittomyvinespot,1
distant,1
disrespect,1
disney,1
dishes,1
discovered,1
disappointed,1
dirty,1
diet,1
diego,1
die,1
didyouknow,1
didger,1
diabetes,1
dez,1
details,1
det,1
destinylve,1
depot,1
depending,1
demand,1
delish,1
delectable,1
delay,1
defiantly,1
def,1
deepwithin,1
declare,1
deck,1
deciding,1
decided,1
decide,1
decently,1
debate,1
dear,1
deannaconforti,1
deal,1
dayton,1
daysaweek,1
dawg,1
david,1
davalyns,1
darochinator,1
dancer,1
damone,1
dads,1
daddy,1
cuz,1
cutecork,1
curvychocbrown,1
currant,1
curious,1
cupcake,1
culinary,1
cuddling,1
cubes,1
cuban,1
ctfuuu,1
ctfuu,1
cst,1
cschauble,1
crystal,1
crying,1
cry,1
cross,1
croissant,1
crisscut,1
crispy,1
crisps,1
crawford,1
crate,1
craigatinhouse,1
crackhead,1
crack,1
coveted,1
coventgarden,1
courtney,1
couplethings,1
couldnt,1
couch,1
cotton,1
corvina,1
corriander,1
corner,1
corlivdmerwe,1
corder,1
cop,1
coop,1
cooking,1
cooked,1
cook,1
coochie,1
convinced,1
conservative,1
conn,1
conclude,1
concerts,1
con,1
complimentary,1
complex,1
complain,1
companion,1
comments,1
comedytruth,1
comedy,1
comeandexplore,1
columbia,1
colour,1
color,1
colin,1
colfinestone,1
coldbrew,1
cold,1
coke,1
coffee,1
cocktails,1
cockles,1
cockle,1
cobwebs,1
cnt,1
clutch,1
club,1
cloudybay,1
clothes,1
closdubois,1
climbing,1
clear,1
clean,1
class,1
clarelawlor,1
clam,1
claim,1
ciroc,1
cider,1
ciarasfringe,1
church,1
christianb,1
chris,1
chloraines,1
chilli,1
chicago,1
chianti,1
chevre,1
chest,1
chess,1
cherrycreekhappiness,1
cherry,1
cheninviognier,1
chenin,1
chelseahandler,1
chef,1
cheezits,1
cheddar,1
checked,1
cheat,1
cheap,1
chateau,1
chased,1
charger,1
chardonnaythats,1
chardonnayspecially,1
chardonnayreally,1
chardonnayoffer,1
chardonnayits,1
chardonnaygtgtgt,1
chardonnayampampgrapefruit,1
chardinee,1
chardday,1
channeling,1
channel,1
chandonusa,1
chairmans,1
chained,1
chachi,1
cha,1
certain,1
cereswines,1
cellarsofsonoma,1
cellarsisters,1
cellars,1
cellarblog,1
celebrating,1
celebratin,1
celebrate,1
cedar,1
cawcaw,1
catenaalta,1
casually,1
castelliestate,1
cashiers,1
casadelbarco,1
casa,1
carrying,1
carneros,1
carmsteliotes,1
carmalized,1
carlo,1
car,1
canned,1
candybling,1
candy,1
candacecupcake,1
canaps,1
canadian,1
canada,1
calm,1
calamuswinery,1
caking,1
cakes,1
cainchino,1
cage,1
caca,1
cabernetmerlot,1
bye,1
bxtch,1
buzzed,1
buying,1
butter,1
butler,1
butimnene,1
bus,1
burst,1
burrowsluongo,1
burd,1
buggerlugs,1
buffalo,1
buddy,1
buddies,1
buckwheat,1
buckhead,1
bucketlist,1
bubblexxxmag,1
bubbles,1
bubble,1
btn,1
btl,1
brut,1
brothers,1
bros,1
brooooo,1
brooksmelbourne,1
broken,1
broke,1
bro,1
britishcolumbia,1
brie,1
brian,1
brettanomyces,1
breakfast,1
bread,1
brayden,1
brandy,1
brackets,1
boyfriend,1
bouta,1
boughetto,1
bottled,1
bosca,1
bored,1
booze,1
book,1
bodegapas,1
blown,1
blood,1
blogbyoz,1
blink,1
blends,1
blender,1
blasting,1
bjs,1
biscayne,1
birus,1
birdfeeder,1
bigmuza,1
bienvenue,1
bieler,1
bey,1
bewilderbeast,1
beurre,1
bettywhomusic,1
betsy,1
bet,1
bestie,1
ben,1
believable,1
beers,1
beentoolong,1
bedtime,1
bedrock,1
become,1
beautynbrains,1
beats,1
beastie,1
beachliving,1
beachhouse,1
bby,1
bbs,1
bbqd,1
bbqchipotle,1
bbq,1
bbpremiumpete,1
barneywynne,1
barefoot,1
bannanooeess,1
bangin,1
balanced,1
bake,1
bahh,1
bae,1
backyard,1
ayyyyy,1
ayee,1
aww,1
awesome,1
awee,1
awayconcentrate,1
awatere,1
awards,1
award,1
avg,1
average,1
avantwines,1
autunae,1
autor,1
australias,1
aussiewines,1
audacity,1
attention,1
atrueblood,1
atreaeu,1
athletesofwine,1
aterberrymaresh,1
asked,1
asian,1
ashamed,1
asap,1
artichoke,1
arterberry,1
arifa,1
ariccias,1
aria,1
argentina,1
areyougame,1
arbor,1
aquafina,1
april,1
apricot,1
approval,1
apples,1
applebanana,1
apartment,1
anywhere,1
anyways,1
announce,1
anniv,1
aniyahquality,1
angels,1
android,1
andddd,1
amistad,1
american,1
ambiance,1
alto,1
although,1
alter,1
along,1
alone,1
almost,1
almond,1
alliyah,1
allitornatore,1
ale,1
alcoholicmuch,1
alcatrav,1
airport,1
aimeeduffyx,1
aimed,1
ahhh,1
ago,1
agitated,1
aftrthfnlchptrs,1
advice,1
adoberoadwinery,1
acres,1
acreage,1
acid,1
accessible,1
acceptable,1
accent,1
absurd,1
abs,1
